height,hash,timestamp,utc,size_bytes
916071,0000000000000000000147d8869191e6356913155fa2ec1d2aa4ea25023097eb,1758652233,2025-09-23 18:30:33,1638577
916200,000000000000000000003b57a64583fe0544d3eddd4482f82ad0509fe1b9e7e2,1758730975,2025-09-24 16:22:55,1627721
916660,0000000000000000000064e16cd81aea11cdc9725ca2efe7e7230bf129dcbd11,1759004586,2025-09-27 20:23:06,1494751
916722,000000000000000000006c689b9f17149840663df64af4bfda09ee34a2caf2af,1759040048,2025-09-28 06:14:08,1569328
916794,000000000000000000007e9e04be6ec935a61fbd266093363d88460a63063c54,1759073396,2025-09-28 15:29:56,1623538
916942,00000000000000000001127b8c16f00891d2067de50b8e56092034c4e983c3e0,1759167427,2025-09-29 17:37:07,1508491
917074,00000000000000000001e72dd8fdc4631512398e9ceb6424be815faddc64d1e6,1759240073,2025-09-30 13:47:53,1586153
917709,00000000000000000001b070ed5993c114087146398803619a7ac2c2404c7fef,1759635933,2025-10-05 03:45:33,1587422
917813,00000000000000000000b2d50b3640580642aa1faca4a83c3ed71997712253a2,1759696862,2025-10-05 20:41:02,51999
917869,000000000000000000004983a92f5adc18996cb13daac35b6b44d8a86fe3d8ab,1759729000,2025-10-06 05:36:40,1728841
917895,00000000000000000000c4d9543471d90af0507d0dcd1e9ee72a8413d9d21eaa,1759747338,2025-10-06 10:42:18,1434956
917992,00000000000000000000891c100dd84a81e40f530a082ab7124b1c4f575b482d,1759812081,2025-10-07 04:41:21,29700
918111,000000000000000000014c54c468c28cca00908a1c54ea25fd973967b7bc3478,1759889225,2025-10-08 02:07:05,1333556
918131,0000000000000000000131c4b0cb58fecf5cc4a6058ef323a7e24666a7efb63c,1759899723,2025-10-08 05:02:03,2054088
918936,00000000000000000000e70146a5b4e99cbf2661fb6fd8d0aac03d6c065bba1c,1760396310,2025-10-13 22:58:30,1564181
919021,0000000000000000000004d052be5c5ebcf5c077f82f99f45a99ac4a61646698,1760439971,2025-10-14 11:06:11,1665172
919084,000000000000000000013487b5440fe4fd570bfeec3bc3d8bfdadc7561e405a9,1760472603,2025-10-14 20:10:03,1673190
919225,00000000000000000001972e1edde686db23d5b97aee5578a35e7501bd6c3241,1760552519,2025-10-15 18:21:59,1600195
919521,00000000000000000000dd1032cd49feb8d6f751011eada8a3bc2711630e071d,1760714074,2025-10-17 15:14:34,1515399
919539,000000000000000000017c790c0140aeb3ccce7a5207d71eb094bac12fa81c91,1760723603,2025-10-17 17:53:23,1490409
919661,00000000000000000000c3f3be0c7eb5a7bb22c090192d6b6b78f0f4bcda5837,1760798366,2025-10-18 14:39:26,1650633
919753,0000000000000000000109a38c9bd729d5c79a7b940d619e8ef69506aa28d29a,1760845648,2025-10-19 03:47:28,1442514
919846,0000000000000000000172367d50037d0db1dea2a6a974ebb27b267d5fcfdae6,1760902489,2025-10-19 19:34:49,1600122
920124,00000000000000000001e14289d2329acf47066a5eb57dc1aa2aa52cd82db060,1761060550,2025-10-21 15:29:10,1559509
920511,0000000000000000000109e1084d6ef731a63c3bc0ce10f0ed2d7f98acc785e3,1761284736,2025-10-24 05:45:36,1736135
920831,000000000000000000000089806b1304a2ef8b351e2fb2f6acf00cf9e33f89cd,1761453943,2025-10-26 04:45:43,1772991
921247,00000000000000000001c5c49c035993d9febe3e4eb1195c0d2dd46dfdecd4d5,1761689836,2025-10-28 22:17:16,295486
921689,00000000000000000000e3743ed86d41211bc8d24419498ccc74c2ccf0dd95e8,1761958180,2025-11-01 00:49:40,1879196
921975,00000000000000000000b1769fd3600505cb96f40d06e72af499a7c955f397dd,1762127895,2025-11-02 23:58:15,1690833
922156,00000000000000000000d736673fdcc6355bbae702ee2fbd1702e8005907d6e7,1762245194,2025-11-04 08:33:14,1924486
922200,00000000000000000000c8136512a499330ad4c294177e518eb18bd84abf7605,1762268511,2025-11-04 15:01:51,1565202
922272,000000000000000000008e1a4509403bbc79181aa214b6ba55552715f1f031ee,1762317545,2025-11-05 04:39:05,1974647
922380,0000000000000000000085402c310c5a45cb3dd965127bcfd6b4bd53ce24b7cf,1762380580,2025-11-05 22:09:40,1961713
922444,00000000000000000000c2f9c0ef1af619ae5783fb00283787fbea5411de7371,1762415494,2025-11-06 07:51:34,1234118
922566,000000000000000000012d7d295d75c56431a9b3d45f71edf6ad7b0047e94c36,1762498169,2025-11-07 06:49:29,1667204
922646,00000000000000000000907a396225cb496e255e302f5ce25105c1352759e953,1762545096,2025-11-07 19:51:36,1569599
922799,0000000000000000000164255878d01bb2328b3380836a3ddd2c6c508f56dc9c,1762651952,2025-11-09 01:32:32,147351
923094,00000000000000000000a9d8d244190eaf33c1ba34631071d5681a7f16e36dd7,1762831969,2025-11-11 03:32:49,1521356
923362,0000000000000000000009ccfc6b9315a4b5b930d17438b6d89f6babe5030c15,1762990610,2025-11-12 23:36:50,1656419
923402,000000000000000000016593af4ca9ed601d4968a392d2009f580adbdd24a294,1763014663,2025-11-13 06:17:43,1707873
923570,00000000000000000001bae263188e8eca5027b5c9e3ccc608d015ef2b873505,1763111901,2025-11-14 09:18:21,1685621
923592,00000000000000000000d1f82650a39d0537809ccd85b166642a6de3c65ef78e,1763126172,2025-11-14 13:16:12,1866922
923902,00000000000000000000e374707c301e092829ed046a7c34c6ef4cbd7e18b382,1763309918,2025-11-16 16:18:38,1660402
924034,000000000000000000018bb3f8137f7bc9babe5c61012eeaa0d8ac04ab0b03e5,1763392077,2025-11-17 15:07:57,1544984
924185,0000000000000000000026b92d837f3cfb5b4c59777c0998a23c0359c3ae2517,1763489903,2025-11-18 18:18:23,891101
924302,0000000000000000000149b70e51030cf763b789f768b8802d9cd02d4acff9a4,1763562773,2025-11-19 14:32:53,1918093
924465,000000000000000000006b32a709d9d6d3631974b7dffe2f600ebfe4851d1d86,1763668073,2025-11-20 19:47:53,1837361
925034,000000000000000000017e68f7db8f5a2c9773076d6b343b0dcc117b19c381ce,1764012664,2025-11-24 19:31:04,1556711
925311,000000000000000000015fde73ebcf1df512ea2386100ca3653c93f0eb38302d,1764188182,2025-11-26 20:16:22,1986707
925541,0000000000000000000066834db86b204cb104d0d33595c4992294524e1d9988,1764321938,2025-11-28 09:25:38,1743054
925654,00000000000000000000b328323666c81d8bdaf257182561375183b2ca21fc7e,1764387235,2025-11-29 03:33:55,1672676
925795,000000000000000000010215fe37b7ebfb34e6f091d70913e3910d86a6a2f4bd,1764473732,2025-11-30 03:35:32,1574626
926408,00000000000000000001a957055f518fe0667a839ec8639797767e2e9eecf499,1764855736,2025-12-04 13:42:16,2229810
926827,000000000000000000015e10afa509fcbc8b99b53c21c5dd4440cdacb3e7f92f,1765112750,2025-12-07 13:05:50,221169
927336,00000000000000000001c03d453e619a07e091c4152810319e9fc06d52a8a1d1,1765410355,2025-12-10 23:45:55,397610
927470,000000000000000000004fe9d101f0f0f217f149ecb6250138240714570a0484,1765483455,2025-12-11 20:04:15,776166
927489,00000000000000000000dc9a0ae13ae8f9370f16863c0b0b55344f74d5117c4b,1765492870,2025-12-11 22:41:10,1583888
928302,00000000000000000000e8d51bc6e45930bdb19b6358cd3b58af99acda9a48e4,1765992994,2025-12-17 17:36:34,15573
928943,000000000000000000007bda9188f2243ca1fcab809ac41abfa79be90806870d,1766384329,2025-12-22 06:18:49,139517
928989,0000000000000000000169696232ec763a96cd9ce5927e22103fbaac551ace26,1766417202,2025-12-22 15:26:42,24611
929044,000000000000000000019241727290f8fffeb54deceec9ceba3237637e934590,1766447054,2025-12-22 23:44:14,1712029
929190,00000000000000000000b2d1fdfb481e0afe5c11c3af22df57623cf73b169124,1766534060,2025-12-23 23:54:20,1592069
929378,0000000000000000000107fbc9b0c0d8f154b4806e9a62fe927caf6f3d444a2d,1766635029,2025-12-25 03:57:09,2593880
929593,000000000000000000013f2f99fb7d6cec7f2b66a0724476c8bad7e73a0d2065,1766767058,2025-12-26 16:37:38,1715601
929727,000000000000000000015602d632f2b535536f36ae8b3affd4e06e95bf6a3f83,1766845652,2025-12-27 14:27:32,1478942
929901,00000000000000000000ea9ddb87e048e1f6b16734fddce8a11e89aec631587c,1766945611,2025-12-28 18:13:31,1728985
930505,00000000000000000000462c2c4212a53db633b0494024b935fb452e7ca6b0a2,1767317996,2026-01-02 01:39:56,123833
930542,000000000000000000018637c63c03c7b69edfc98d77a1dafcc98f586988b396,1767336379,2026-01-02 06:46:19,629992
931111,000000000000000000004addb129504586fa1a1217ad9d790d3a604acc171f73,1767684769,2026-01-06 07:32:49,369925
931515,00000000000000000001b15ed884d581c2959db5d26a4a2ab006ab70f044c303,1767942910,2026-01-09 07:15:10,1647736
932380,0000000000000000000087c9f6447d2e1ed8ee113ad0b8da632a3730e1072ea4,1768484934,2026-01-15 13:48:54,1643094
932540,00000000000000000000c4e20504de8c48784f8db5539a7d37c59bcc661e00bd,1768588746,2026-01-16 18:39:06,1616852
932554,00000000000000000001b4893e37bdaaa79e769e39a7987011f4b21939441e7c,1768598868,2026-01-16 21:27:48,1590975
932854,00000000000000000001a01ba0a8a204fa137a45220ee90bdf1917157ce21c2c,1768773317,2026-01-18 21:55:17,959607
932933,00000000000000000001c14fa551c91c6814c2af56055d59c9bbee5b18ba752f,1768824093,2026-01-19 12:01:33,1816326
933128,000000000000000000005f13595a41cfb00954b8caf2b2b3704685ad0015a51f,1768939482,2026-01-20 20:04:42,1871206
933684,0000000000000000000117f97d3946d564a1d5481d780d84e803df60f456bf1a,1769301340,2026-01-25 00:35:40,1505103
933897,000000000000000000015e1d27fbfcc5719458a49760b5876130bf646407163f,1769463816,2026-01-26 21:43:36,1589451
934451,000000000000000000012f9c59b3c8809edfa3a3f8b997de7ae8f6d22995f974,1769846973,2026-01-31 08:09:33,3024913
934558,00000000000000000000757a05076ef81c4a4032ce9d04e28bab497a6d8ddc23,1769923072,2026-02-01 05:17:52,1436864
935939,00000000000000000000253c59d32f1beb511da3c0b820997c827ab1e1f294d4,1770749300,2026-02-10 18:48:20,1577883
936000,00000000000000000001cda5c930d381d9326816dfc9457fd7982c09b0f3581b,1770787115,2026-02-11 05:18:35,1647564
936057,0000000000000000000062a29234e539179776ccadcec87a5de206e708681fc5,1770819688,2026-02-11 14:21:28,1716094
936078,00000000000000000000f94fb74e5061a1d806d3991d4ca2d8a7b8033b5e4bd8,1770834116,2026-02-11 18:21:56,1971895
936931,0000000000000000000128db7fec954d3ef040661f3791e70f598e4632afaeac,1771257412,2026-02-16 15:56:52,1410151
937049,00000000000000000000260aae1d094171c8165efcc2095ffcebf8a0834d7fb2,1771315568,2026-02-17 08:06:08,1884720
937075,00000000000000000001b75161f9989b809d20692571c84acc48dd134d75485e,1771328061,2026-02-17 11:34:21,2097860
937433,000000000000000000006faeb413294d2193b1341b325abf89938ce80219d87b,1771523590,2026-02-19 17:53:10,263265
937560,00000000000000000001d2f28ef3fbfa3b5b8608f5edf0c1f1f08245949a7501,1771609043,2026-02-20 17:37:23,914656
937829,0000000000000000000165acaa6abaa7e4043bfcac6fa915a139db9e57d09667,1771769053,2026-02-22 14:04:13,1729869
938291,0000000000000000000120a4810ba0f1d28bec66b02f83c047d256a1e723b9ef,1772028719,2026-02-25 14:11:59,1579918
938331,000000000000000000006d14745db6ed20c53f429ce5cc8917770a987d550db5,1772050164,2026-02-25 20:09:24,574444
938353,00000000000000000000470aa07288730f22019630dcd28a824c8266d6a7fece,1772061192,2026-02-25 23:13:12,1692234
938520,000000000000000000014380689de0515f14b7ee589b65c04ace30047e09052d,1772162729,2026-02-27 03:25:29,1714147
938556,00000000000000000000ab7302104d7a81062614bba5281a8ac3c1cf43a40442,1772184624,2026-02-27 09:30:24,1728863
938807,00000000000000000000d91124e0d7f7f239e60de904141526846621584b8fbf,1772336475,2026-03-01 03:41:15,591890
939233,0000000000000000000106b7ec754b5888009c4f70e154fab58516cd721b4015,1772607166,2026-03-04 06:52:46,1821086
939410,00000000000000000000544c0a8c153dcd6b6a352451e30b797998fcac68a5f7,1772708567,2026-03-05 11:02:47,1718999
939659,00000000000000000000bab9df4e987f338cce04d6bd58fb55bd8412180821e9,1772854671,2026-03-07 03:37:51,1285095
940580,00000000000000000001e0b8c936bfd9e55768283e165572ec8da4aa1b4a2944,1773450490,2026-03-14 01:08:10,1794524
940826,00000000000000000000d48deccbaaa3ed2ba76318b5656c57b66dad736109a9,1773619338,2026-03-16 00:02:18,1700519
940857,0000000000000000000161416d39e37764677e518bd299188dfd41101a5eca30,1773641255,2026-03-16 06:07:35,1661161
940917,000000000000000000015f9b22999e4ce444d7608e0290e33d67f82a5744530f,1773679867,2026-03-16 16:51:07,1786786
941188,00000000000000000000dc1c770c260e6ba5ab88cbdb958a810832227aef332e,1773858537,2026-03-18 18:28:57,1525824
941788,0000000000000000000067e9aaa02c942c888b5b80101317c92b43f424659923,1774225731,2026-03-23 00:28:51,1648329
942524,00000000000000000000977e6e9ee1cf8088322a3786bffd3aa8247259a8a5e2,1774649097,2026-03-27 22:04:57,1692584
942742,000000000000000000020e26d167bb06e469dd837cc1404037d533a784c70f67,1774758346,2026-03-29 04:25:46,1646849
943402,00000000000000000001f42089668aa87ec61f24ca2c4ac946532f342d43bd45,1775160329,2026-04-02 20:05:29,1550312
943853,00000000000000000001cb2cc6e5d2ef8343fe3b8bebfd49c7c6b11e80833625,1775436874,2026-04-06 00:54:34,1612007
943935,000000000000000000003d4af374a128035ab218e4f7fbaccf75136f4338a87a,1775491184,2026-04-06 15:59:44,1386507
944058,000000000000000000007b93069f7467005705b92cd0d892b2a61206eadb954d,1775575594,2026-04-07 15:26:34,1588038
944262,00000000000000000001a7d4874c3202d491b4a2d6cf9eb6f1d9c7a4ea6e34e6,1775693229,2026-04-09 00:07:09,1659740
944722,00000000000000000001d6d43114b917ad3669a06fc10c696faf5d2376c0642f,1775987547,2026-04-12 09:52:27,1587213
945018,0000000000000000000015467ebe99a624fa70844a73c3b1759d34bde85e24fb,1776163184,2026-04-14 10:39:44,1558526
945064,000000000000000000015be15084dff2728cf57c8002003d3cf5d21bf53f168d,1776186805,2026-04-14 17:13:25,1440544
945199,0000000000000000000076362bb399ae27ceb3b221fb85b23a64140cfdf79cfd,1776267228,2026-04-15 15:33:48,1587443
945619,00000000000000000001c8e92716c96d9512a5b93b44ae00f50be68c92d14ba2,1776516597,2026-04-18 12:49:57,1612634
946021,000000000000000000019d5fbaf6c253b8f9ceecc83f0fdb165cf9cd5d1ce07a,1776761318,2026-04-21 08:48:38,386353
946516,000000000000000000012bc99515eb1d383cb7ef56fba08c684fede3eba95bd4,1777075868,2026-04-25 00:11:08,1622809
946617,0000000000000000000092e5cc081b8bc7c27841ea186f3de1fbc7cafaa1f238,1777136018,2026-04-25 16:53:38,1589455
948157,0000000000000000000120aa80dd83aad2e52ea933c890ceb506a3e5a10b3229,1778065268,2026-05-06 11:01:08,1819981
948519,00000000000000000000009aac391a227a552f3ba074f8fd02d962faef3d0d71,1778280697,2026-05-08 22:51:37,1591384
948736,00000000000000000001bf283c7711ef5478f0c80ce9d4265c3397da67e1b643,1778395488,2026-05-10 06:44:48,1599997
948739,00000000000000000000290d8af6c97eb807b97d5b66d113e78b4754d9d0c4f6,1778396034,2026-05-10 06:53:54,1584809
949069,000000000000000000004503700764092b5a725b7e77aa3c2aaac8d25b14842d,1778588518,2026-05-12 12:21:58,1574996
949093,000000000000000000005bfbd9b5ddad42497315842cd9c29781569a2f519196,1778597756,2026-05-12 14:55:56,1585873
949121,0000000000000000000097e9f45f2b1055c65b3f88bcf7937a9a10c4335284fe,1778616342,2026-05-12 20:05:42,1615000
949328,0000000000000000000099e9f49f671453d7a7619d22e93c0786a95fcd6eec1d,1778737679,2026-05-14 05:47:59,1593756
949604,000000000000000000016622dc6db746227342c9c75df4378def0aacbbbc7fd7,1778907586,2026-05-16 04:59:46,1597223
949755,0000000000000000000012a4aef94ac721c73bb18e5f19d5341aa49ff98da0db,1778993327,2026-05-17 04:48:47,1590635
950049,000000000000000000013295363e8bcd5b4dc15809bd8dca5278f8e1fc3dfaa7,1779175830,2026-05-19 07:30:30,1584001
950382,000000000000000000003ec9caccb96e3c86a889577d6569426b05d2eee28fdc,1779374869,2026-05-21 14:47:49,1633989
950545,00000000000000000001553d8e62616d117f4fdd3b9c17bce7efbc3bdceacac9,1779471411,2026-05-22 17:36:51,1658808
950554,0000000000000000000155ecc085610b43d9ab7464b49798c8218e9da904889e,1779475811,2026-05-22 18:50:11,1573866
950907,00000000000000000001d4a2350661b0718f82a07ce5c72eebc620dd66337efd,1779682923,2026-05-25 04:22:03,1627896
950968,00000000000000000001558770da5d0f44a8a80181e2b5f641801804ba901e9b,1779721455,2026-05-25 15:04:15,1787878
951048,0000000000000000000009cb8a09c34640910f9a6707f7f203eb15e5c283e6b1,1779754504,2026-05-26 00:15:04,1586293
951270,0000000000000000000203152423d6f80796ead2c044380765ea7a58caeb0547,1779893256,2026-05-27 14:47:36,1652254
951444,0000000000000000000080dab6b5f3de99d6b11e81cefb093845b7db22872ff6,1779993302,2026-05-28 18:35:02,1630953
951673,00000000000000000001b71a649590afe849851085ddb8f4323e526c5bd6a420,1780123205,2026-05-30 06:40:05,1592807
951765,00000000000000000001046fd09d9b351e1c45e3c8e1ef55b202d3a04c5471d0,1780182394,2026-05-30 23:06:34,1637331
952348,00000000000000000000367c7b2fc91abaf2f0a14a74095c816cbe36f5ff4f12,1780579004,2026-06-04 13:16:44,1587903
952686,00000000000000000000ede6d5b3ff07b2703d35e0f0b88af31485705a59a111,1780806520,2026-06-07 04:28:40,1670678
952921,00000000000000000000d8edc9c84e0205c4e849a152aedb51ff0f59f05230a8,1780972281,2026-06-09 02:31:21,1620015
953331,0000000000000000000177ed33a695aaa6b239bdc51ed13ff4a6d544ebdd1c1c,1781242064,2026-06-12 05:27:44,1603638
953701,0000000000000000000058dd23f78a43720f1d94aeb85a05896cd6b7c81ddec1,1781475400,2026-06-14 22:16:40,1617950
953725,00000000000000000000844f9c89beccc2ef590d9d5857634c3889636424eeb9,1781488411,2026-06-15 01:53:31,1619627
954072,0000000000000000000009b11b5f094780757df89d17b4b7db6adc03efa1e0f9,1781685795,2026-06-17 08:43:15,1568139
954272,000000000000000000004e04ce0c8e94951da7feb1a8659d36a081af1cba46e4,1781799289,2026-06-18 16:14:49,1748607
954327,00000000000000000001ed523abe4c4657fa1ac815d2eb07c389c059c49f2ae8,1781831664,2026-06-19 01:14:24,1573416
954532,00000000000000000001f3c6611a50b6ab26a5c16b258ad58bdc035a411cc0b0,1781944778,2026-06-20 08:39:38,1530523
954784,000000000000000000004a414679319a72bd4eb7f3ce6dd23004c5901713968b,1782096839,2026-06-22 02:53:59,1584604
954952,00000000000000000000cc1493222b00e87f09da96442e544f513ca6c64de623,1782190705,2026-06-23 04:58:25,204859
955237,00000000000000000000a06b247a38b31611d4603b3200ddc243d12d39fcf996,1782339065,2026-06-24 22:11:05,1536917
955362,00000000000000000000868f72bc22bacde3bc6f1d61b1a01c1ea658a29a9707,1782407880,2026-06-25 17:18:00,1595478
956273,0000000000000000000116005f8af25c88c1a92ba824b1f4e373a906c0b50d10,1782944788,2026-07-01 22:26:28,1543826
956586,00000000000000000000a8f335ecd7cd5d95c8e997cdc0925e1396341627fee8,1783134563,2026-07-04 03:09:23,1567459
957042,00000000000000000000398c6c59c3676fbfcb198aa41d25c2a29a4cd9780538,1783432055,2026-07-07 13:47:35,1548695
957057,000000000000000000004abe796dfccb03575db8d79917a00417aed41538f501,1783437698,2026-07-07 15:21:38,1826600
957316,00000000000000000000a7c7b76fd987c30805024d541b18bc615a548b5a3133,1783608679,2026-07-09 14:51:19,1629190
957332,000000000000000000017fa98294a222e142c6b687936502b0619ea3d51efb13,1783618431,2026-07-09 17:33:51,1566188
957389,000000000000000000002ac810ae7486c19728c9836f3b3d83dd280ee165f819,1783658338,2026-07-10 04:38:58,1558500
957833,000000000000000000008a4a6adbcd61727489735ac069fa8f6e53bd529c2a76,1783935392,2026-07-13 09:36:32,196243
958122,00000000000000000001fe2f3b1308f21f9255d1d03909d06b1ce29531a7d8c0,1784102549,2026-07-15 08:02:29,1670432
958155,000000000000000000014c9cd7b71c170cc5b57cf94e343ff4de68c8fe40151c,1784120723,2026-07-15 13:05:23,1673058
958698,00000000000000000001e9552252722035ef400f335d312c513b3edef5479aa6,1784448105,2026-07-19 08:01:45,1547024
959398,000000000000000000018ab418a66803cebdaa32c4f52c62d7dab75bbea48c9f,1784880927,2026-07-24 08:15:27,1485703
959486,0000000000000000000022babd1d187610f77c70d761e368e6da36030809cd1e,1784940443,2026-07-25 00:47:23,1539100
959643,0000000000000000000213550d2200c2533bcebea0484dba03fcadbf02ac86c1,1785037197,2026-07-26 03:39:57,1531934
959807,00000000000000000001821bfbd048050718675c8df1cb5aa27a46065a5abb8f,1785141266,2026-07-27 08:34:26,1580522
960038,000000000000000000012d34f3e08ee0820899aa6a67f3a0584e1584457d46c6,1785291191,2026-07-29 02:13:11,1578431
960042,0000000000000000000111edb67cc9633ff550ec68c989353b5fa0594f60f855,1785291736,2026-07-29 02:22:16,1852485
960047,000000000000000000011d9601043f2070939b6ad3ec5e70369fe3bde310787e,1785294934,2026-07-29 03:15:34,1683456
960593,000000000000000000007db0aa3fd32138eabd6d48695f2c7f025044045cd2c6,1785603099,2026-08-01 16:51:39,1538383
960634,00000000000000000000c3e58852ec61199f4bfbca95308c95b08eab53cbca0e,1785623058,2026-08-01 22:24:18,1831982
960735,00000000000000000001a395f07a824064e061700a7309b73a355ba626a8a94f,1785678737,2026-08-02 13:52:17,1586668
960748,000000000000000000008f6bb38b5e4e26ca64f2609802563c7e478f20bb5819,1785687903,2026-08-02 16:25:03,1604315
961729,0000000000000000000055fbd96192d25981163ea0f18accc6d1e22cafe84b6f,1786279708,2026-08-09 12:48:28,1519734
962097,00000000000000000001f77b602ab738dbb8f7c954c16a38224456fa3033df5b,1786513512,2026-08-12 05:45:12,1560304
962394,000000000000000000015ba84b46b1ae8d130ec03b7ca1bb6b2af3b67da01d48,1786694424,2026-08-14 08:00:24,1607406
962651,00000000000000000000326b6a06e37ba153fb2ba4347204ec9253506e45630e,1786842093,2026-08-16 01:01:33,1660119
962717,0000000000000000000104ad6469c81909f10502125561b110eb44d1d17aa124,1786874311,2026-08-16 09:58:31,370097
962927,000000000000000000003dfb4f622af445791cc4635656f15cafa9106eabeb73,1786990807,2026-08-17 18:20:07,1687135
963219,000000000000000000018952e6699e292578a591a42317bd16f0b4dbd8cc2cb1,1787172118,2026-08-19 20:41:58,1547707
963220,0000000000000000000018c7f32984704146c33318173276cd380f75b3dd3301,1787172335,2026-08-19 20:45:35,1684443
963518,00000000000000000001b84f6dc4278aac3087a5d35895e557aeb4094fe3e0a2,1787367251,2026-08-22 02:54:11,1480374
964402,0000000000000000000141e6ed226359936f9758fe76b43fbe5a67590e5c4d53,1787903196,2026-08-28 07:46:36,1499090
964610,00000000000000000000101bef6a621d837cf84b05f11d3298656e077b1ef6f2,1788030494,2026-08-29 19:08:14,1630318
964831,000000000000000000003d984a1017b6ba27a591348864e5f5d92e8e9adb5249,1788153828,2026-08-31 05:23:48,1496539
964936,00000000000000000000a150da8df8bafb725afc5dd052ade9ece81d2b50f0bf,1788209841,2026-08-31 20:57:21,1502370
965053,00000000000000000001296f9b8e829d60cf962c664ce5e887b72da3b0110b1d,1788275007,2026-09-01 15:03:27,1604945
965189,00000000000000000001f441ca1b5a3708c0d1d0d9b6ff8eab83d257cecbb68e,1788367147,2026-09-02 16:39:07,1616500
965842,0000000000000000000150b90b44c4c1e04d980f05e3b67a217246517b2e03b4,1788734440,2026-09-06 22:40:40,1507510
965959,00000000000000000000f65f2cad3786d947218823a2d0b2c4223ce4c5c575a3,1788805218,2026-09-07 18:20:18,1653092
966202,000000000000000000003520e8d90388fc8bc97fe7dfb85f91ce2b81502b017e,1788957039,2026-09-09 12:30:39,1632697
966259,0000000000000000000072e26cfd3afd8252477758d44681de2356aadca2dbfe,1788981261,2026-09-09 19:14:21,1589232
966358,0000000000000000000093852ed226465edf54193ff40892421ca7aa5d799968,1789042100,2026-09-10 12:08:20,1466621
966942,000000000000000000012cad0e81794d904a4f4d57f410bd6beffd542d4010d2,1789377267,2026-09-14 09:14:27,1774468
967269,00000000000000000000d5b2b1be0fcad0572d44cfd5a8011ea577c91e2ea77d,1789554613,2026-09-16 10:30:13,1604290
967292,00000000000000000000643f5deb6626c45616392b8dd11b46e2e140320f0af2,1789569685,2026-09-16 14:41:25,1703566
